category,product,images,category_slug,product_slug
金門高粱,金門38度高粱（300ml）,,kinmen_kaoliang,kkl38-300
金門高粱,金門38度高粱（600ml）,,kinmen_kaoliang,kkl38-600
金門高粱,金門38度高粱（750ml）,,kinmen_kaoliang,kkl38-750
金門高粱,金門58度紅標高粱（600ml）,,kinmen_kaoliang,kkl58r-600
金門高粱,金門58度紅標高粱（750ml）,,kinmen_kaoliang,kkl58r-750
金門高粱,金門58度高粱（300ml）,,kinmen_kaoliang,kkl58-300
金門高粱,金門58度高粱（600ml）,,kinmen_kaoliang,kkl58-600
金門高粱,金門58度高粱（750ml）,,kinmen_kaoliang,kkl58-750
金門高粱,金門特優58度高粱,,kinmen_kaoliang,kkl58p
金門高粱,戰酒黑金龍,,kinmen_kaoliang,wjhjl
台酒系列,紅標料理米酒（600ml20入）,,ttl,rcmj-600x20
台酒系列,玉泉清酒,,ttl,yqsk
台酒系列,玉泉紹興酒,,ttl,yqsh
台酒系列,玉泉黃酒,,ttl,yqhj
台酒系列,玉泉紅露酒,,ttl,yqhl
台酒系列,玉泉紅麴葡萄酒,,ttl,yqhqg
威士忌,三隻猴子,,whisky,3mky
威士忌,大摩12年,,whisky,dm12
威士忌,大摩15年,,whisky,dm15
威士忌,大摩12年雪莉,,whisky,dm12sh
威士忌,菲迪12年天使雪莉,,whisky,fd12as
威士忌,吉拉12年雪莉,,whisky,gl12sh
威士忌,百富12年,,whisky,bf12
威士忌,百富14年,,whisky,bf14
威士忌,格蘭莉威13年,,whisky,glv13
威士忌,皇家禮炮21年,,whisky,rs21
威士忌,格蘭8年,,whisky,gl8
威士忌,格蘭菲迪12年（1000ml）,,whisky,gf12-1000
威士忌,格蘭菲迪12年（700ml）,,whisky,gf12-700
威士忌,格蘭菲迪15年（700ml）,,whisky,gf15-700
威士忌,格蘭菲迪18年,,whisky,gf18
威士忌,軒尼詩 VSOP,,whisky,hvsop
威士忌,麥卡倫雙桶,,whisky,mcdb
威士忌,塔木嶺雪莉三桶,,whisky,tlsh3
威士忌,塔木嶺玩桶系列,,whisky,tlwb
威士忌,詩貝雪莉12年,,whisky,sb12sh
威士忌,詩貝總裁雪莉,,whisky,sbzzsh
威士忌,蘇格登12年亞洲版(700ml),,whisky,sgd12as-700
威士忌,蘇格登12年亞洲版(1000ml),,whisky,sgd12as-1000
威士忌,蘇格登12年雪莉桶,,whisky,sgd12sh
威士忌,蘇格登12年歐洲版(700ml),,whisky,sgd12eu-700
威士忌,蘇格登12年歐洲版(1000ml),,whisky,sgd12eu-1000
威士忌,蘇格登15年亞洲版,,whisky,sgd15as
威士忌,蘇格登13年貴腐甜酒桶,,whisky,sgd13nf
威士忌,Johnnie walker XR 21年,,whisky,jwxr21
威士忌,Johnnie walker金牌威士忌,,whisky,jwgd
威士忌,Johnnie walker黑牌12年（1000ml）,,whisky,jwbp12-1000
威士忌,Johnnie walker綠牌15年,,whisky,jwgp15
威士忌,Johnnie walker黑牌12年（700ml）,,whisky,jwbp12-700
威士忌,慕赫12年,,whisky,mh12
威士忌,慕赫14年,,whisky,mh14
威士忌,慕赫16年,,whisky,mh16
日本酒,季威士忌(700ml),,japanese_sake,jws-700
日本酒,季威士忌(1000ml),,japanese_sake,jws-1000
日本酒,三得利角瓶,,japanese_sake,stjb
韓式燒酒,初飲初樂原味燒酒,,korean_soju,cycl-o
韓式燒酒,初飲初樂水蜜桃燒酒,,korean_soju,cycl-p
韓式燒酒,初飲初樂蘋果燒酒,,korean_soju,cycl-a
韓式燒酒,初飲初樂零醣燒酒,,korean_soju,cycl-z
韓式燒酒,初飲初樂草莓燒酒,,korean_soju,cycl-s
韓式燒酒,初飲初樂養樂多燒酒,,korean_soju,cycl-y
桶裝生啤酒,金牌台灣啤酒,,keg_beer,tpb
桶裝生啤酒,柏克金德式小麥生啤酒,,keg_beer,bkjwm
桶裝生啤酒,柏克金黃金拉格生啤酒,,keg_beer,bkjgl
桶裝生啤酒,日系啤酒,,keg_beer,jpb
大玻璃瓶啤酒,百威啤酒,,beer_bottles_big,bd
大玻璃瓶啤酒,金樽啤酒,,beer_bottles_big,jzb
大玻璃瓶啤酒,雪山啤酒,,beer_bottles_big,ssb
大玻璃瓶啤酒,可樂娜啤酒,,beer_bottles_big,cln
大玻璃瓶啤酒,BAR啤酒,,beer_bottles_big,barb
大玻璃瓶啤酒,麒麟一番搾,,beer_bottles_big,qlyfz
大玻璃瓶啤酒,金牌啤酒含退瓶,,beer_bottles_big,jpb-r
大玻璃瓶啤酒,台灣啤酒含退箱瓶,,beer_bottles_big,twb-r
大玻璃瓶啤酒,18天生啤酒含退箱瓶,,beer_bottles_big,18d-r
大玻璃瓶啤酒,沖繩Orion啤酒,,beer_bottles_big,orion
大玻璃瓶啤酒,海尼根啤酒,,beer_bottles_big,hnk
大玻璃瓶啤酒,惠比壽啤酒,,beer_bottles_big,ybs
大玻璃瓶啤酒,柏克金黃金拉格,,beer_bottles_big,bkgl
大玻璃瓶啤酒,柏克金德式小麥,,beer_bottles_big,bkwm
大玻璃瓶啤酒,柏克金科龍,,beer_bottles_big,bkkl
大玻璃瓶啤酒,台灣特釀黑啤酒,,beer_bottles_big,twspb
大玻璃瓶啤酒,三得利啤酒,,beer_bottles_big,stlb
大玻璃瓶啤酒,朝日啤酒,,beer_bottles_big,asb
小玻璃瓶啤酒,百威啤酒,,beer_bottles_small,bd
小玻璃瓶啤酒,金尊啤酒,,beer_bottles_small,jzun
小玻璃瓶啤酒,可樂娜啤酒,,beer_bottles_small,cln
小玻璃瓶啤酒,麒麟BAR啤酒,,beer_bottles_small,qlbar
小玻璃瓶啤酒,海尼根啤酒,,beer_bottles_small,hnk
小玻璃瓶啤酒,金牌啤酒,,beer_bottles_small,jpb
易開罐啤酒,百威啤酒,,beer_cans,bd
易開罐啤酒,百威金尊,,beer_cans,bdg
易開罐啤酒,麒麟BAR啤酒,,beer_cans,qlbar
易開罐啤酒,麒麟一番搾啤酒,,beer_cans,qlyfzb
易開罐啤酒,可樂娜啤酒,,beer_cans,cln
易開罐啤酒,麒麟淡麗啤酒,,beer_cans,qldl
易開罐啤酒,金牌啤酒,,beer_cans,jpb
易開罐啤酒,台灣啤酒,,beer_cans,twb
易開罐啤酒,18天生啤酒,,beer_cans,18d
易開罐啤酒,雪山啤酒,,beer_cans,ssb
易開罐啤酒,海尼根啤酒,,beer_cans,hnk
易開罐啤酒,麒麟冰結9%(300ml),,beer_cans,qlbj9-300
易開罐啤酒,柏克金德式小麥,,beer_cans,bkwm
易開罐啤酒,柏克金黃金拉格,,beer_cans,bkgl
易開罐啤酒,柏克金科龍,,beer_cans,bkkl
易開罐啤酒,惠比壽啤酒,,beer_cans,ybs
易開罐啤酒,麒麟冰結5%,,beer_cans,qlbj5
易開罐啤酒,麒麟冰結7%(500ml),,beer_cans,qlbj7-500
易開罐啤酒,麒麟冰結9%(500ml),,beer_cans,qlbj9-500
水,台鹽鹼性離子水(850ml),,water,tyalk-850
水,台鹽鹼性離子水(1500ml),,water,tyalk-1500
水,悅氏純淨水,,water,ysw
水,黑松純水,,water,hscw
水,埔里大水,,water,plw-l
水,埔里小水,,water,plw-s
1公升飲料,昭憲鮮茶極品金萱,,beverage_1L,zxjc-jx
1公升飲料,昭憲鮮茶高山青茶,,beverage_1L,zxjc-gs
1公升飲料,昭憲鮮茶桂花烏龍,,beverage_1L,zxjc-gh
1公升飲料,特調系列蜂蜜檸檬,,beverage_1L,td-hmlm
1公升飲料,特調系列冬瓜檸檬,,beverage_1L,td-dglm
1公升飲料,特調手沖泰奶,,beverage_1L,td-tm
1公升飲料,采冠冷泡茶高山烏龍,,beverage_1L,cglp-gswl
1公升飲料,王家冬瓜檸檬,,beverage_1L,wj-dglm
1公升飲料,王家鴉片檸檬,,beverage_1L,wj-yplm
1公升飲料,王家伯爵奶茶,,beverage_1L,wj-bjnt
1公升飲料,王家烏龍奶茶,,beverage_1L,wj-wlnt
1公升飲料,愛之味分解茶,,beverage_1L,awfjc
1公升飲料,美粒果柳橙汁,,beverage_1L,mlg-oc
1公升飲料,美粒果白葡萄汁,,beverage_1L,mlg-wg
1公升飲料,冷翠日式綠茶,,beverage_1L,lcrsgt
1公升飲料,原翠日式綠茶,,beverage_1L,ycrsgt
1公升飲料,愛之味麥仔茶,,beverage_1L,awmzc
1公升飲料,悅氏芭樂汁,,beverage_1L,ys-glj
1公升飲料,悅氏柳橙汁,,beverage_1L,ys-ocj
1公升飲料,悅氏油切綠茶,,beverage_1L,ys-yqgt
1公升飲料,悅氏烏梅汁,,beverage_1L,ys-wmj
1公升飲料,優纖沛蔓越莓,,beverage_1L,yxp-crb
1公升飲料,悅氏梅子綠茶,,beverage_1L,ys-mzgt
1公升飲料,悅式油切烏龍,,beverage_1L,ys-yqwl
1公升飲料,每朝健康綠茶,,beverage_1L,mcjkgt
1公升飲料,香吉士芭樂汁,,beverage_1L,xjs-glj
1公升飲料,大苑子仙草甘茶,,beverage_1L,dyz-xcgc
1公升飲料,泰山冰鎮紅茶,,beverage_1L,ts-bzht
1公升飲料,老北京酸梅湯,,beverage_1L,lbj-smt
1公升飲料,可爾必思水語,,beverage_1L,kebs-sy
1公升飲料,愛蘋果蘋果飲料,,beverage_1L,apg
小寶特飲料,大西洋蘋果西打,,beverage_PET_small,dxy-pgsd
小寶特飲料,維他露大蘋果蘇打,,beverage_PET_small,wdl-pgs
小寶特飲料,可口可樂,,beverage_PET_small,coke
小寶特飲料,雪碧,,beverage_PET_small,sprite
小寶特飲料,黑松沙士,,beverage_PET_small,hsss
小寶特飲料,美粒果柳橙汁,,beverage_PET_small,mlg-oc
小寶特飲料,美粒果白葡萄汁,,beverage_PET_small,mlg-wg
小寶特飲料,茶裏王日式綠茶,,beverage_PET_small,clw-rsgt
小寶特飲料,茶裏王台式綠茶,,beverage_PET_small,clw-tsgt
小寶特飲料,大苑子蘋果氣泡醋飲,,beverage_PET_small,dyz-pgqpc
小寶特飲料,泰山冰鎮紅水果茶,,beverage_PET_small,ts-hsgc
小寶特飲料,光泉冷泡茶,,beverage_PET_small,gq-lpc
小寶特飲料,愛之味麥仔茶,,beverage_PET_small,awmzc
小寶特飲料,古道梅子百香綠茶,,beverage_PET_small,gd-mzbxgt
小寶特飲料,每朝健康綠茶,,beverage_PET_small,mcjkgt
小寶特飲料,統一麥香奶茶,,beverage_PET_small,tymx-nt
小寶特飲料,統一麥香紅茶,,beverage_PET_small,tymx-ht
小寶特飲料,舒跑,,beverage_PET_small,supau
小寶特飲料,猛將仙草蜜,,beverage_PET_small,mj-xcm
小寶特飲料,猛將椰子水,,beverage_PET_small,mj-yzs
小寶特飲料,原翠日式綠茶,,beverage_PET_small,ycrsgt
小寶特飲料,原翠烏龍茶,,beverage_PET_small,yc-wlt
小寶特飲料,礦沛氣泡水,,beverage_PET_small,kpqps
小寶特飲料,飛想檸檬紅茶,,beverage_PET_small,fx-lmht
小寶特飲料,花傳皇家奶茶,,beverage_PET_small,hc-hjnt
小寶特飲料,花傳皇家紅茶,,beverage_PET_small,hc-hjht
易開罐飲料,可口可樂,,beverage_cans,coke
易開罐飲料,雪碧,,beverage_cans,sprite
易開罐飲料,可爾必思水語,,beverage_cans,kebs-sy
易開罐飲料,黑松沙士,,beverage_cans,hsss
易開罐飲料,維大力,,beverage_cans,wdl
易開罐飲料,新蠻牛,,beverage_cans,xmn
易開罐飲料,舒跑,,beverage_cans,supau
易開罐飲料,伯朗咖啡,,beverage_cans,blcf
易開罐飲料,伯朗藍山咖啡,,beverage_cans,blls
易開罐飲料,阿薩姆奶茶,,beverage_cans,asmnt
易開罐飲料,親親蘆筍汁,,beverage_cans,qqlsz
易開罐飲料,舒味思蘇打汽水,,beverage_cans,sws-sd
易開罐飲料,舒味思通寧汽水,,beverage_cans,sws-tn
易開罐飲料,舒味思薑汁汽水,,beverage_cans,sws-jz
易開罐飲料,半天水椰子100%,,beverage_cans,bts-yz100
易開罐飲料,半天水椰子30%,,beverage_cans,bts-yz30
易開罐飲料,綠之鄉蘆薈蜜,,beverage_cans,lzx-lhm
易開罐飲料,天然蜂蜜蘆薈,,beverage_cans,tr-hmlh
易開罐飲料,紅牛RED BULL,,beverage_cans,rb
易開罐飲料,魔爪能量飲料,,beverage_cans,monster
玻璃瓶飲料,可口可樂,,beverage_bottles,coke
玻璃瓶飲料,雪碧,,beverage_bottles,sprite
玻璃瓶飲料,美粒果清果汁柳橙,,beverage_bottles,mlg-qgzoc
玻璃瓶飲料,美粒果清果汁蘋果,,beverage_bottles,mlg-qgzpg
玻璃瓶飲料,芬達橘子汽水,,beverage_bottles,fanta-org
玻璃瓶飲料,飛想檸檬紅茶,,beverage_bottles,fx-lmht
鋁箔包飲料,麥香紅茶,,beverage_carton,mxht
鋁箔包飲料,麥香奶茶,,beverage_carton,mxnt
鋁箔包飲料,波蜜蘆筍汁,,beverage_carton,boomi-asparagus-juice
鋁箔包飲料,波蜜葡萄蘋果汁,,beverage_carton,boomi-grape-apple-juice
鋁箔包飲料,舒跑,,beverage_carton,supau-sports-drink
鋁箔包飲料,統一蜜豆奶,,beverage_carton,uni-honey-soymilk
鋁箔包飲料,波蜜初銘紅茶,,beverage_carton,boomi-early-black-tea
鋁箔包飲料,波蜜小果汁系列,,beverage_carton,boomi-mini-juice-series
紅酒/氣泡酒,澳洲袋鼠紅卡貝納蘇維翁,,wine,kangaroo-au-cabernet-red
紅酒/氣泡酒,澳洲袋鼠黃喜若紅葡萄,,wine,kangaroo-au-yellow-shiraz
紅酒/氣泡酒,澳洲袋鼠橘梅洛紅葡萄,,wine,kangaroo-au-orange-merlot
紅酒/氣泡酒,澳洲彼得利蒙巴羅莎喜諾,,wine,petrelimon-barossa-shiraz
紅酒/氣泡酒,澳洲彼得利蒙巴羅莎格納西,,wine,petrelimon-barossa-grenache
紅酒/氣泡酒,澳洲彼得利蒙巴羅莎卡貝納,,wine,petrelimon-barossa-cabernet
紅酒/氣泡酒,澳洲袋鼠特藏卡貝納威士忌桶,,wine,kangaroo-au-cabernet-whisky-barrel
紅酒/氣泡酒,澳洲彼得利蒙寶翠卡貝納蘇維翁紅葡萄酒,,wine,petrelimon-cabernet-sauvignon-reserve
紅酒/氣泡酒,澳洲彼得利蒙旗艦喜若紅葡萄酒,,wine,petrelimon-shiraz-flagship
紅酒/氣泡酒,智利聖塔VSC頂級紅葡萄酒,,wine,santa-vsc-premium-red-cl
紅酒/氣泡酒,台灣艾利冰鎮玫瑰紅酒,,wine,airy-tw-rose-wine
紅酒/氣泡酒,西班牙柯提紅葡萄酒,,wine,spain-corti-red-wine
紅酒/氣泡酒,法國蒙聖傑AOP紅葡萄酒,,wine,fr-montstjean-aop-red
紅酒/氣泡酒,西班牙小紅帽奧蘭酒千紅葡萄酒,,wine,spain-red-cap-oran-wine
紅酒/氣泡酒,法國波爾多莊園瑞夢湖AOP,,wine,bordeaux-raymond-lake-aop
紅酒/氣泡酒,智利三輪車卡本內頂級,,wine,chile-tricycle-cabernet
紅酒/氣泡酒,義大利博特酒莊巧藝復古16紅酒,,wine,italy-botte-vintage-red-16
紅酒/氣泡酒,阿根廷黃金貝殼卡貝納蘇維翁,,wine,arg-gold-shell-cabernet
紅酒/氣泡酒,阿根廷黃金貝殼特藏卡貝納蘇維翁,,wine,arg-gold-shell-reserve-cabernet
紅酒/氣泡酒,義大利蒂芬妮月光寶麝香氣泡酒,,wine,tiffany-moonlight-muscat-sparkling
紅酒/氣泡酒,西班牙三得利朵莉卡氣泡酒(白)慕斯,,wine,suntory-dorika-sparkling-white
紅酒/氣泡酒,澳洲袋鼠粉紅(白)慕斯卡葡萄酒,,wine,kangaroo-pink-muscat-sparkling
日本酒,黑松白鹿鋁箔包清酒,,japanese_sake,heisong-bailu-tetra-sake
日本酒,黑松白鹿玻璃瓶清酒,,japanese_sake,heisong-bailu-glass-sake
日本酒,黑松白鹿一口杯清酒,,japanese_sake,heisong-bailu-cup-sake
日本酒,黑松白鹿鮮榨清酒,,japanese_sake,heisong-bailu-fresh-pressed-sake
日本酒,黑松白鹿純米糯米四段仕入,,japanese_sake,heisong-bailu-junmai-four-step
日本酒,黑松白鹿慶祝清酒,,japanese_sake,heisong-bailu-celebration-sake
日本酒,黑松白鹿純米吟釀,,japanese_sake,heisong-bailu-junmai-ginjo
日本酒,黑松白鹿特別本釀造山田錦,,japanese_sake,heisong-bailu-honjozo-yamada
日本酒,黑松白鹿吟釀生貯藏,,japanese_sake,heisong-bailu-ginjo-nama
日本酒,片野櫻純米吟釀,,japanese_sake,katano-sakura-junmai-ginjo
日本酒,泡湯後吟釀,,japanese_sake,onsen-after-ginjo
日本酒,溫泉後爽冷酒,,japanese_sake,onsen-refresh-cold-sake
日本酒,月桂冠復古瓶,,japanese_sake,gekkeikan-retro-bottle
日本酒,月桂冠黑,,japanese_sake,gekkeikan-black
日本酒,月桂冠紅,,japanese_sake,gekkeikan-red
日本酒,國士無雙,,japanese_sake,kokushimusou-sake
日本酒,小西冷榨大吟釀,,japanese_sake,konishi-cold-pressed-daiginjo
日本酒,小西冷榨吟釀,,japanese_sake,konishi-cold-pressed-ginjo
日本酒,玉極閣本閣燒酎,,japanese_sake,yuji-ge-shochu
日本酒,八海山特別純米,,japanese_sake,hakaisan-special-junmai
日本酒,八海山特別本釀造,,japanese_sake,hakaisan-honjozo
日本酒,知多威士忌,,japanese_sake,chita-whisky
日本酒,起瓦士威士忌,,japanese_sake,chivas-whisky
日本酒,獺祭迷你組合,,japanese_sake,dassai-mini-set
日本酒,獺祭二割三,,japanese_sake,dassai-23
日本酒,獺祭三割九,,japanese_sake,dassai-39
日本酒,獺祭四割五,,japanese_sake,dassai-45
調酒用酒,冷泉伏特加原味/多種口味,,cocktail_base,freezing-spring-vodka
調酒用酒,ABS絕對伏特加,,cocktail_base,absolut-vodka
調酒用酒,思美洛伏特加,,cocktail_base,smirnoff-vodka
調酒用酒,冰火伏特加多種口味,,cocktail_base,icefire-vodka
調酒用酒,英人琴酒,,cocktail_base,beefeater-gin
調酒用酒,六角琴酒,,cocktail_base,roku-gin
調酒用酒,龍舌蘭金快活,,cocktail_base,tequila-gold-kinkatsu
調酒用酒,百家得蘭姆酒,,cocktail_base,bacardi-rum
調酒用酒,德國野格利口酒,,cocktail_base,jagermeister
調酒用酒,生命之水80%,,cocktail_base,spirytus-80
調酒用酒,生命之水96%,,cocktail_base,spirytus-96
調酒用酒,MB香甜酒多種口味,,cocktail_base,mb-liqueur-mix
調酒用酒,萊姆汁,,cocktail_base,lime-juice
調酒用酒,貝禮詩香甜奶酒,,cocktail_base,baileys-irish-cream
調酒用酒,卡魯哇咖啡香甜酒,,cocktail_base,kahlua-coffee-liqueur
調酒用酒,三得利蜜瓜甜酒,,cocktail_base,suntory-melon-liqueur
調酒用酒,君度橙酒,,cocktail_base,cointreau-orange-liqueur
調酒用酒,艾碧斯綠,,cocktail_base,absinthe-green
調酒用酒,艾碧斯紅,,cocktail_base,absinthe-red
調酒用酒,DITA荔枝酒,,cocktail_base,dita-lychee-wine
水果/果實酒,鮮爽水蜜桃酒,,fruit_wine,refresh-peach-wine
水果/果實酒,鮮爽蘋果水蜜桃酒,,fruit_wine,refresh-apple-peach-wine
水果/果實酒,梅乃宿柚子酒(300ml),,fruit_wine,umenoyado-yuzu-300
水果/果實酒,梅乃宿柚子酒(720ml),,fruit_wine,umenoyado-yuzu-720
水果/果實酒,梅乃宿柚子酒(1800ml),,fruit_wine,umenoyado-yuzu-1800
水果/果實酒,白鶴柚子酒,,fruit_wine,hakutsuru-yuzu
水果/果實酒,白鶴梅酒原酒,,fruit_wine,hakutsuru-umeshu-raw
水果/果實酒,山崎焙煎樽梅酒,,fruit_wine,yamazaki-barrel-umeshu
水果/果實酒,大關完熟梅酒,,fruit_wine,ozeki-fully-ripe-umeshu
水果/果實酒,八鹿酒藏酒藏梅酒,,fruit_wine,yatsushika-umeshu
水果/果實酒,CHOYA梅酒兩粒梅.,,fruit_wine,choya-umeshu-two-plum
水果/果實酒,CHOYA梅酒迷你梅,,fruit_wine,choya-umeshu-mini
水果/果實酒,CHOYA本格梅,,fruit_wine,choya-hon-umeshu
水果/果實酒,日本松井白蘭地梅酒,,fruit_wine,matsui-brandy-umeshu
水果/果實酒,日本松井威士忌梅酒,,fruit_wine,matsui-whisky-umeshu
